{
    "AUCROC": 0.9998829589789344,
    "Accuracy": 0.9995440036479708,
    "TPR": 0.9989896948878562,
    "FPR": 3.808508207335187e-05,
    "Precision": 0.9999494362137837,
    "F1-score": 0.9994693351527557,
    "optimal_threshold": 0.15960417687892914,
    "mean": 0.11577087640762329,
    "std": 0.012629655189812183,
    "tpr_per_attack": {
        "CAN DoS": 0.9997877083112197,
        "Switch MAC Flooding": 0.9986866791744841,
        "CAN Replay": 0.9978196233894946,
        "Normal": 0.9999619149179266,
        "Attack": 0.9989896948878562
    },
    "aucroc_per_attack": {
        "CAN Replay": 0.999944257632105,
        "Switch MAC Flooding": 0.9996416358121529,
        "CAN DoS": 0.9999866635510286
    },
    "resource_metrics": {
        "cpu_inference_time": 1.2425026893615723,
        "gpu_inference_time": null,
        "mps_inference_time": null,
        "model_size_mb": 0.14073562622070312
    }
}