{
    "AUCROC": 0.9994180170365043,
    "Accuracy": 0.9983998577651346,
    "TPR": 0.9936034115138592,
    "FPR": 0.0,
    "Precision": 1.0,
    "F1-score": 0.9967914438502673,
    "optimal_threshold": 0.0027181184850633144,
    "mean": 0.0002904575376305729,
    "std": 0.0002487623714841902,
    "tpr_per_attack": {
        "Replay": 0.9936034115138592,
        "Normal": 1.0,
        "Attack": 0.9936034115138592
    },
    "aucroc_per_attack": {
        "Replay": 0.9994180170365043
    },
    "resource_metrics": {
        "cpu_inference_time": 0.766960620880127,
        "gpu_inference_time": null,
        "mps_inference_time": null,
        "model_size_mb": 0.17523956298828125
    }
}