{
    "AUCROC": 0.9999319482250987,
    "Accuracy": 0.9972113775794758,
    "TPR": 0.9921671018276762,
    "FPR": 0.0014184397163120568,
    "Precision": 0.9947643979057592,
    "F1-score": 0.9934640522875817,
    "optimal_threshold": 0.0007665659650228918,
    "mean": 0.00035145884612575173,
    "std": 0.00010182996629737318,
    "tpr_per_attack": {
        "Frame Injection": 0.9921671018276762,
        "Normal": 0.9985815602836879,
        "Attack": 0.9921671018276762
    },
    "aucroc_per_attack": {
        "Frame Injection": 0.9999319482250987
    },
    "resource_metrics": {
        "cpu_inference_time": 1.3693547248840332,
        "gpu_inference_time": null,
        "mps_inference_time": null,
        "model_size_mb": 0.5653038024902344
    }
}