{
    "AUCROC": 0.9999953554799531,
    "Accuracy": 0.9996940960538391,
    "TPR": 0.99962441314554,
    "FPR": 0.0,
    "Precision": 1.0,
    "F1-score": 0.9998121712997747,
    "optimal_threshold": 0.0039526489563286304,
    "mean": 0.0007836544536985457,
    "std": 0.00014831434236839414,
    "tpr_per_attack": {
        "PTP Sync": 0.99962441314554,
        "Normal": 1.0,
        "Attack": 0.99962441314554
    },
    "aucroc_per_attack": {
        "PTP Sync": 0.9999953554799531
    },
    "resource_metrics": {
        "cpu_inference_time": 0.804835319519043,
        "gpu_inference_time": null,
        "mps_inference_time": null,
        "model_size_mb": 0.17523956298828125
    }
}