{
    "AUCROC": 0.9915330243386381,
    "Accuracy": 0.9604383854584335,
    "TPR": 0.9610787032609736,
    "FPR": 0.048302872062663184,
    "Precision": 0.9963319123624467,
    "F1-score": 0.9783878504672898,
    "optimal_threshold": 9.283591680286918e-06,
    "mean": 5.942004463577177e-06,
    "std": 1.6957950492724194e-06,
    "tpr_per_attack": {
        "Replay": 0.9610787032609736,
        "Normal": 0.9516971279373369,
        "Attack": 0.9610787032609736
    },
    "aucroc_per_attack": {
        "Replay": 0.9915330243386381
    },
    "resource_metrics": {
        "cpu_inference_time": 4.209010601043701,
        "gpu_inference_time": null,
        "mps_inference_time": null,
        "model_size_mb": 66.7231216430664
    }
}